{
    "4db01c49a2cd792f0c4d1e99125865693618fd0e22fecf960b0c07821004518f": {
        "player_name": "playerone",
        "tournament_name": "Red Dragons Cup",
        "token": "VEWICSWdGNMrzxPa3ZvuQ7BYn7xQp3a5Y-NljOUg2kU",
        "token_hash": "4db01c49a2cd792f0c4d1e99125865693618fd0e22fecf960b0c07821004518f",
        "created_date": "2025-11-16T14:32:10-0500",
        "expires_date": "2025-12-16T14:32:10-0500",
        "is_active": true,
        "used_count": 0,
        "last_used": null
    },
    "f1c39c6ba8396fbbf7ee2d2bd75036f6334b753964a16e9112c47bf240848449": {
        "player_name": "juanito",
        "tournament_name": "Red Dragons Cup",
        "token": "GVZqIlWQg7XZ5rkd_rTTfZdfTlZIDfhNcUUujYXiv5c",
        "token_hash": "f1c39c6ba8396fbbf7ee2d2bd75036f6334b753964a16e9112c47bf240848449",
        "created_date": "2025-11-16T14:36:51-0500",
        "expires_date": "2025-11-18T14:36:51-0500",
        "is_active": true,
        "used_count": 0,
        "last_used": null
    }
}